0.48192707	0.4821461	0.48230764	0.4824133	0.48246554	0.48245955	0.48239434	0.48229098	0.4821419	0.48194548	0.4816904	0.48137367	0.4810075	0.4805861	0.48011658	0.47960186	0.47905806	0.47849303	0.47789952	0.47726828	0.47657877	0.4758477	0.47500315	0.47395408	0.47257462	0.47074947	0.46851534	0.46575284	0.4626277	0.45908165	0.45515287	0.45098343	0.44673187	0.44246328	0.43833968	0.43463498	0.43140182	0.42869598	0.42651126	0.4248582	0.42360196	0.42268047	0.42204636	0.42169815	0.421541	0.42146528	0.4214347	0.4214338	0.42145526	0.42148516	0.42151278	0.42152888	0.42153427	0.4215225	0.42148525	0.4214245	0.42133695	0.4212254	0.42109844	0.42096683	0.42083618	0.4207096	0.42059442	0.4205022	0.42043173	0.42039186	0.42038172	0.42040956	0.4204746	0.4205709	0.4207026	0.42086783	0.4210651	0.42128152	0.42151135	0.4217523
0.48108625	0.48135683	0.48156098	0.48170346	0.4817852	0.48180223	0.48175743	0.4816774	0.48155534	0.48139024	0.48117197	0.48089802	0.4805792	0.48020875	0.4797915	0.47932902	0.4788348	0.47831702	0.47777313	0.47720063	0.4765842	0.47593993	0.47520566	0.47428715	0.47306386	0.47141933	0.46938926	0.46683896	0.46391496	0.46053985	0.45673525	0.45263383	0.44838017	0.44405895	0.4398216	0.43594712	0.4325082	0.42957407	0.42714268	0.42524236	0.42376524	0.4226548	0.421862	0.4213891	0.42113733	0.42098588	0.42089438	0.4208461	0.42083338	0.42083824	0.4208469	0.42085135	0.42085224	0.42084467	0.4208199	0.4207789	0.42071852	0.42064127	0.42055485	0.4204672	0.42038345	0.4203059	0.42024145	0.42019957	0.42017838	0.42018527	0.42021912	0.42028666	0.42038518	0.42050907	0.42066166	0.42084083	0.42104378	0.42125928	0.4214821	0.42171043
0.479917	0.48023897	0.480492	0.48068058	0.48080447	0.48085913	0.48085186	0.48081207	0.4807338	0.4806167	0.48045242	0.48023862	0.47998488	0.47968262	0.47933483	0.4789412	0.47851306	0.47805756	0.4775771	0.4770741	0.4765372	0.4759813	0.47535437	0.47456223	0.47349358	0.47203207	0.47021568	0.46789372	0.46519053	0.46201116	0.45836154	0.45436317	0.45014548	0.44580606	0.44148555	0.43746105	0.43382427	0.43066162	0.42797887	0.42581797	0.42410356	0.42278734	0.42181766	0.42120138	0.42084116	0.4206049	0.42044872	0.420353	0.42031056	0.4202959	0.42029062	0.42028752	0.42028713	0.42028546	0.42027342	0.42025113	0.4202156	0.42016935	0.4201185	0.4200683	0.42002302	0.41998526	0.41996083	0.4199577	0.41997358	0.42001438	0.42007935	0.42017338	0.42029312	0.42043334	0.42059648	0.42078024	0.42098078	0.4211891	0.42140013	0.4216123
0.4784528	0.47882834	0.47913486	0.47937605	0.47954944	0.47965157	0.47969377	0.47970724	0.4796865	0.47963142	0.4795357	0.479397	0.47922355	0.47900546	0.47874287	0.47843355	0.478086	0.477707	0.47730246	0.47687763	0.47642604	0.47596103	0.47543946	0.47477138	0.47385597	0.4725781	0.4709799	0.4688975	0.46643117	0.46347177	0.4600051	0.45614266	0.45199698	0.44767237	0.4433015	0.43915558	0.43533894	0.43195474	0.42901984	0.4265886	0.42462224	0.42308512	0.42192465	0.42115083	0.4206689	0.42033678	0.42010823	0.4199605	0.41988873	0.4198579	0.41984344	0.41983697	0.4198386	0.41984463	0.41984603	0.4198415	0.41982913	0.41981086	0.4197909	0.4197718	0.41975826	0.41975212	0.41975838	0.41978323	0.41982457	0.41988772	0.41997167	0.42008024	0.42020968	0.42035517	0.42051837	0.42069718	0.42088747	0.4210819	0.4212761	0.42146796
0.47673416	0.47716144	0.47752282	0.47781968	0.4780472	0.4782041	0.47830462	0.47838038	0.47842634	0.47844324	0.47842693	0.47837487	0.47829357	0.47817194	0.47800782	0.4777959	0.4775424	0.47725284	0.47693467	0.47659585	0.4762356	0.47586596	0.47545075	0.47490615	0.47414368	0.47304967	0.4716682	0.46983108	0.46761322	0.46489078	0.46163088	0.4579357	0.45389545	0.44962174	0.44523636	0.44100165	0.43703127	0.43344045	0.43026003	0.4275564	0.42532688	0.4235558	0.42219096	0.42124277	0.4206231	0.4201822	0.41987103	0.41966408	0.41956097	0.41951412	0.41949272	0.41948485	0.41949087	0.41950604	0.4195212	0.4195339	0.41954225	0.4195486	0.41955498	0.41956183	0.41957337	0.4195914	0.4196197	0.4196634	0.4197204	0.41979587	0.41988894	0.42000178	0.42013144	0.42027318	0.42042804	0.4205945	0.42076838	0.42094386	0.4211171	0.42128614
0.47478655	0.4752566	0.47566667	0.4760154	0.4762958	0.47650945	0.47667173	0.47681436	0.4769328	0.47702843	0.477099	0.4771418	0.47716185	0.47714698	0.47709247	0.4769907	0.47684518	0.47665936	0.47644094	0.4761997	0.47593823	0.4756682	0.47536024	0.47493815	0.4743261	0.47341594	0.47225046	0.47066396	0.46870476	0.46623743	0.4632123	0.4597226	0.45583045	0.4516529	0.44729406	0.4430039	0.43890446	0.43512237	0.43170258	0.42872828	0.42622787	0.42420948	0.42262203	0.42147964	0.42070174	0.4201361	0.41972935	0.41945487	0.4193142	0.41924763	0.41921753	0.41920766	0.41921803	0.41924244	0.41927138	0.41929978	0.41932684	0.41935447	0.41938305	0.419411	0.41944194	0.41947767	0.41952097	0.41957623	0.41964176	0.41972214	0.4198168	0.41992697	0.42004997	0.420182	0.42032355	0.4204733	0.42062736	0.42078146	0.4209325	0.42107856
0.47266176	0.47315922	0.4736051	0.47399563	0.47432175	0.47458786	0.4748109	0.47501978	0.4752122	0.47538862	0.47554886	0.47569072	0.475817	0.47591445	0.4759769	0.4759945	0.47596908	0.47590044	0.47579592	0.47566462	0.47551137	0.475347	0.47514907	0.47485086	0.4743883	0.47366098	0.47271097	0.47137767	0.46968362	0.46748537	0.46472242	0.46147415	0.45777407	0.45373935	0.44945303	0.44514424	0.4409446	0.43699208	0.43334505	0.4301024	0.42732602	0.4250471	0.42321876	0.42186028	0.4209017	0.42019168	0.41967422	0.41931903	0.4191323	0.41903937	0.41899472	0.41897967	0.41899198	0.41902393	0.4190655	0.41910797	0.41915146	0.41919714	0.4192442	0.41928905	0.4193349	0.4193833	0.4194364	0.4194978	0.4195669	0.41964772	0.4197399	0.4198435	0.41995686	0.42007658	0.42020315	0.42033556	0.4204699	0.4206035	0.42073387	0.42085892
0.47045356	0.47095573	0.47141504	0.4718291	0.47218505	0.4724905	0.47276458	0.4730323	0.47329235	0.47354412	0.47378913	0.47402692	0.47425687	0.47446546	0.47464535	0.4747863	0.47488704	0.4749455	0.4749659	0.47495613	0.4749221	0.47487253	0.47479033	0.47461957	0.47430658	0.4737617	0.47302523	0.47194272	0.4705144	0.4685933	0.46610895	0.4631314	0.4596639	0.45581758	0.45165467	0.4473776	0.44312197	0.43903726	0.43519133	0.43169922	0.42865252	0.42610514	0.4240201	0.4224238	0.42125398	0.42037126	0.4197188	0.41926044	0.41900757	0.41887534	0.41880608	0.41877824	0.41878748	0.41882533	0.41887757	0.41893232	0.41898954	0.4190506	0.4191128	0.41917133	0.4192287	0.41928625	0.41934553	0.4194102	0.4194802	0.41955918	0.4196467	0.41974288	0.4198463	0.41995442	0.42006758	0.42018464	0.42030245	0.42041957	0.4205333	0.4206421
0.4682084	0.46869147	0.46914205	0.46955937	0.46993047	0.47026446	0.47058076	0.47089943	0.47122106	0.47154242	0.47186658	0.47219497	0.4725234	0.47283837	0.47313267	0.47339705	0.4736261	0.47381672	0.47396892	0.47408772	0.4741795	0.47425073	0.47428948	0.47424966	0.4740879	0.473727	0.47320455	0.47237054	0.4712081	0.4695698	0.4673757	0.4646871	0.4614809	0.45785803	0.45385975	0.4496576	0.44539088	0.44121417	0.43720242	0.43348622	0.43018582	0.4273738	0.42502514	0.42317343	0.42176753	0.4206831	0.4198704	0.41928744	0.41895032	0.41876358	0.41865772	0.41860682	0.41860476	0.41864324	0.41870242	0.41876668	0.4188352	0.41890883	0.41898364	0.41905332	0.41911954	0.4191834	0.4192463	0.41931167	0.4193807	0.41945598	0.41953772	0.41962603	0.41971996	0.41981786	0.4199193	0.42002353	0.42012817	0.42023247	0.4203342	0.42043146
0.46603045	0.46647507	0.46689737	0.46730137	0.46767312	0.46802238	0.46836874	0.4687261	0.46909726	0.4694765	0.46986753	0.47027418	0.470688	0.4710973	0.47149605	0.47187576	0.47222728	0.47254655	0.47283012	0.47307932	0.47330013	0.4734973	0.47366035	0.4737524	0.47374094	0.47356048	0.47324467	0.47265303	0.4717527	0.47039858	0.46850044	0.46611446	0.46319437	0.4598286	0.4560346	0.45195603	0.44772804	0.44350246	0.43936345	0.4354549	0.43191898	0.4288485	0.42623094	0.4241091	0.4224456	0.4211333	0.42013693	0.41940662	0.41896248	0.4187027	0.41854528	0.41845846	0.41843563	0.41846886	0.4185294	0.4185988	0.4186751	0.4187588	0.41884384	0.418923	0.4189963	0.4190652	0.41913083	0.41919652	0.4192644	0.41933662	0.41941357	0.41949564	0.41958266	0.4196733	0.41976696	0.41986275	0.4199593	0.42005622	0.42015117	0.4202423
0.46401957	0.464408	0.46478444	0.46515653	0.4655115	0.46585855	0.46621668	0.46659476	0.46699634	0.46741393	0.46785286	0.4683172	0.46879685	0.4692819	0.4697673	0.4702477	0.4707098	0.4711491	0.4715582	0.47193477	0.4722835	0.47260758	0.4728964	0.47312117	0.47325784	0.47325212	0.47313228	0.4727718	0.472124	0.471049	0.46945408	0.46738616	0.46477944	0.46170655	0.45815912	0.45425293	0.45011628	0.4458935	0.44167465	0.4376096	0.43385988	0.43053773	0.42764577	0.4252382	0.42329818	0.42173558	0.4205312	0.4196287	0.4190535	0.41869757	0.4184697	0.4183316	0.4182762	0.41829532	0.41835052	0.41841984	0.41849983	0.4185907	0.41868424	0.41877142	0.41885126	0.4189251	0.41899395	0.41906115	0.4191296	0.41920105	0.4192763	0.4193558	0.41944006	0.41952828	0.41961944	0.41971287	0.41980752	0.41990313	0.41999754	0.42008862
0.4623034	0.46262676	0.462947	0.46327227	0.46359372	0.4639204	0.46426898	0.4646436	0.46504983	0.46547958	0.46594003	0.4664337	0.46695107	0.46748388	0.46802902	0.46858504	0.46913576	0.46967593	0.47019434	0.47068518	0.47115234	0.47159722	0.47200704	0.4723611	0.47264194	0.47280312	0.47286808	0.47272584	0.4723184	0.47151458	0.47022375	0.46848297	0.4662065	0.46345034	0.4601832	0.4564944	0.4524991	0.448334	0.44408864	0.43991342	0.4359823	0.43242875	0.42927244	0.42657712	0.4243481	0.422517	0.42108023	0.41997838	0.41924348	0.4187633	0.41844055	0.41823065	0.41812527	0.41811815	0.41815782	0.41821966	0.41829824	0.41839236	0.41849235	0.41858697	0.41867372	0.41875356	0.4188277	0.41889954	0.41897207	0.4190473	0.41912585	0.41920853	0.41929668	0.41938913	0.41948518	0.41958356	0.41968384	0.41978568	0.41988632	0.41998386
0.46092042	0.46117538	0.46143273	0.46170068	0.46197537	0.4622654	0.46258324	0.46293074	0.46331593	0.46373135	0.46418607	0.46467984	0.46520495	0.4657559	0.466331	0.46693265	0.467545	0.46816087	0.46876642	0.4693534	0.46992388	0.47047722	0.47099927	0.4714744	0.47189143	0.47221196	0.47245157	0.47251332	0.47233218	0.47178715	0.47079337	0.4693806	0.46744382	0.46502316	0.46206498	0.45863175	0.4548267	0.45077443	0.44655898	0.44233057	0.43826628	0.43451545	0.43111712	0.42814183	0.42561966	0.42350674	0.42181635	0.42049086	0.41956553	0.41892827	0.4184807	0.4181741	0.41799745	0.4179479	0.41796017	0.41800505	0.41807413	0.41816634	0.41826996	0.41837075	0.41846433	0.4185511	0.41863275	0.41871274	0.41879362	0.41887745	0.4189645	0.41905627	0.41915458	0.41925836	0.41936633	0.41947693	0.4195898	0.41970444	0.41981763	0.41992775
0.4598539	0.4600409	0.46023268	0.4604361	0.4606521	0.4608893	0.4611578	0.46145755	0.46179882	0.46217635	0.46260035	0.463068	0.46357465	0.4641186	0.4646984	0.4653204	0.4659694	0.46663707	0.4673077	0.46797106	0.46862748	0.46927285	0.469893	0.47047678	0.47101834	0.47148722	0.47189188	0.47214633	0.47218224	0.47188893	0.47118703	0.47009832	0.46850404	0.46642843	0.46379754	0.460648	0.45707124	0.45317644	0.44904086	0.4448099	0.44066173	0.4367544	0.4331434	0.42990574	0.42709708	0.42469883	0.42274386	0.42117584	0.42003363	0.41921067	0.4186086	0.4181804	0.41791123	0.41780242	0.41777337	0.41778994	0.41784012	0.4179232	0.41802597	0.41813046	0.41822964	0.41832358	0.4184147	0.41850576	0.41859913	0.4186962	0.418797	0.4189037	0.4190187	0.41914022	0.41926694	0.41939625	0.41952816	0.4196615	0.41979256	0.41991997
0.45909888	0.45922372	0.4593527	0.459491	0.45964342	0.459819	0.46002537	0.46026307	0.4605438	0.46086434	0.4612366	0.46165654	0.46212113	0.4626334	0.46319205	0.46380627	0.46446347	0.46515393	0.4658625	0.46657762	0.46729767	0.4680158	0.46871725	0.4693942	0.47004533	0.47064757	0.4712026	0.47163382	0.4718713	0.47181547	0.4713927	0.47061622	0.46936256	0.46763772	0.46534938	0.4625117	0.45920345	0.45551437	0.45151323	0.44733495	0.4431566	0.43913698	0.43534693	0.4318706	0.4287895	0.42610526	0.42387703	0.42204827	0.42066577	0.41963094	0.41884828	0.41827482	0.41789174	0.41770363	0.41761658	0.4175914	0.41761172	0.41767785	0.41777435	0.41787878	0.41798192	0.41808334	0.4181855	0.4182907	0.4184	0.41851446	0.41863382	0.41876078	0.41889766	0.41904256	0.4191933	0.41934657	0.41950172	0.41965753	0.41980952	0.41995654
0.4586438	0.45871797	0.45879218	0.45887083	0.4589615	0.45907283	0.45921132	0.4593777	0.45958543	0.45983434	0.46013662	0.46048877	0.4608895	0.46134555	0.46185672	0.46243507	0.46306953	0.46375152	0.46446636	0.46520355	0.46596152	0.4667301	0.4674945	0.46824804	0.468993	0.46971118	0.47039762	0.4709854	0.47140512	0.47156876	0.47140905	0.470932	0.47001195	0.4686376	0.46670303	0.46420372	0.46120155	0.45776656	0.45395562	0.44988593	0.44573015	0.44164523	0.43771616	0.43403107	0.43069443	0.4277309	0.4252229	0.4231185	0.42147285	0.42020255	0.41921568	0.41847318	0.41795447	0.4176678	0.41750476	0.41742313	0.41740203	0.41744238	0.4175269	0.41762698	0.41773215	0.41784054	0.41795483	0.41807622	0.41820455	0.41834024	0.41848242	0.41863394	0.41879758	0.41897008	0.41914886	0.4193297	0.41951138	0.41969183	0.41986594	0.42003322
0.4584312	0.45847076	0.45850554	0.45853907	0.45858026	0.4586359	0.45871273	0.45881128	0.45894608	0.45912054	0.4593455	0.45961908	0.45994145	0.4603234	0.4607677	0.4612862	0.46186846	0.4625097	0.463197	0.46392286	0.46468654	0.46547595	0.4662765	0.46708113	0.4678949	0.46870482	0.46949893	0.47021958	0.47079936	0.47116238	0.47124568	0.4710495	0.4704463	0.46941018	0.46782663	0.4656784	0.4630078	0.45986295	0.4562877	0.4523808	0.44830486	0.44421187	0.44019932	0.43635392	0.43279967	0.4295806	0.42680416	0.42442673	0.4225095	0.42098492	0.4197715	0.41883463	0.4181549	0.4177428	0.41747963	0.4173218	0.4172426	0.4172434	0.4173065	0.41739604	0.4174991	0.41761225	0.41773862	0.4178782	0.41802803	0.41818777	0.41835606	0.41853616	0.4187297	0.4189329	0.41914237	0.41935313	0.41956252	0.41976714	0.41996205	0.42014724
0.45842886	0.45845085	0.45846304	0.45846856	0.4584749	0.45848638	0.45851046	0.4585476	0.4586133	0.4587132	0.4588555	0.4590428	0.459275	0.4595676	0.45992574	0.46036157	0.4608661	0.4614377	0.4620677	0.46275353	0.46349388	0.46427622	0.4650882	0.46592066	0.46678007	0.4676579	0.46853483	0.46936303	0.4700784	0.4706177	0.47092313	0.47098863	0.4706836	0.4699729	0.46873462	0.46694073	0.4646168	0.461789	0.4584882	0.4547915	0.45084697	0.44680068	0.4427573	0.43879795	0.4350679	0.4316264	0.4286006	0.4259587	0.42376465	0.4219735	0.4205152	0.4193637	0.41850188	0.41794124	0.41755527	0.41730082	0.41714638	0.4170939	0.41712576	0.41719753	0.417293	0.41740704	0.41754365	0.4177014	0.4178738	0.41805947	0.4182561	0.41846672	0.41869256	0.41892812	0.41916978	0.41941133	0.4196485	0.4198761	0.4200896	0.42029017
0.45856997	0.4585897	0.4585954	0.45858836	0.45857507	0.45855644	0.45854044	0.45852733	0.45853183	0.45856157	0.4586227	0.4587214	0.45885885	0.45905274	0.45931104	0.4596471	0.460054	0.46053433	0.46108347	0.46170422	0.46239626	0.4631461	0.46394634	0.4647851	0.46566746	0.4665907	0.46752906	0.468442	0.46927026	0.4699642	0.47046977	0.4707734	0.4707465	0.47034475	0.46944115	0.4679973	0.46602547	0.46353272	0.46053562	0.45708758	0.45332202	0.44937384	0.44535062	0.44132796	0.4374674	0.43384194	0.4305923	0.42769897	0.42523172	0.42316806	0.4214517	0.42007062	0.41900682	0.41827506	0.41774502	0.41737482	0.41712934	0.4170107	0.41700074	0.41704607	0.41712767	0.41723794	0.41738236	0.41755712	0.4177521	0.41796398	0.4181897	0.418432	0.4186908	0.41895932	0.41923285	0.41950446	0.41976744	0.42001557	0.42024374	0.420455
0.45878246	0.45881295	0.45882738	0.45882392	0.45880732	0.45877543	0.4587353	0.45868787	0.45864475	0.45861572	0.4586044	0.45862007	0.45866513	0.458759	0.45891222	0.45913926	0.45943558	0.45980784	0.46025735	0.46079153	0.46141312	0.4621079	0.4628728	0.46369445	0.46457723	0.46552172	0.4664989	0.4674727	0.46839002	0.4692134	0.4698918	0.4704053	0.4706305	0.47051463	0.46992955	0.46882927	0.46721318	0.46507156	0.46240535	0.45924282	0.4557045	0.45190746	0.4479604	0.44392997	0.4399871	0.43621844	0.43277383	0.4296479	0.42691672	0.42458212	0.4226008	0.42097726	0.41969365	0.4187706	0.41807678	0.41757202	0.4172188	0.41701937	0.416955	0.41696352	0.41702327	0.41712415	0.41727218	0.41746098	0.4176767	0.41791385	0.41816798	0.41844094	0.4187314	0.41903073	0.41933322	0.41963127	0.41991618	0.42017958	0.42041698	0.42063296
0.4589923	0.45904255	0.45907634	0.45908967	0.45908433	0.45905527	0.45900792	0.4589436	0.4588706	0.45879948	0.45873144	0.45867687	0.45864037	0.45864233	0.45869482	0.45881245	0.45899466	0.45925152	0.4595909	0.4600242	0.46055794	0.46117827	0.4618868	0.4626688	0.46352994	0.46447265	0.46546635	0.46647832	0.46746153	0.46839	0.46921334	0.4699077	0.47035694	0.47050136	0.47021472	0.46944755	0.4681852	0.46640176	0.46408376	0.46123672	0.45796534	0.45436653	0.45054743	0.4465637	0.44258764	0.4387192	0.43511522	0.43178385	0.42880616	0.42620808	0.42396307	0.422091	0.4205764	0.4194447	0.41857013	0.41791332	0.41743556	0.41714028	0.41700846	0.4169687	0.4169973	0.41708112	0.41722715	0.41742644	0.41765946	0.4179191	0.41819927	0.4185006	0.4188195	0.4191453	0.4194716	0.41979063	0.42009073	0.42036262	0.42060226	0.42081562
0.45914406	0.45921698	0.4592759	0.45931464	0.4593312	0.4593188	0.4592806	0.45921758	0.45913425	0.45904124	0.45893756	0.4588335	0.45873484	0.45866263	0.45862925	0.4586485	0.4587244	0.45886883	0.4590965	0.45942268	0.4598567	0.46038747	0.46102104	0.461744	0.46256417	0.46348187	0.46446759	0.46549356	0.4665172	0.46752322	0.46846318	0.46930808	0.46994936	0.47032294	0.47030726	0.4698524	0.46893048	0.4674995	0.46553427	0.463019	0.46004325	0.4566828	0.45303982	0.44915754	0.44520545	0.4412903	0.43757436	0.4340785	0.43088594	0.42804736	0.42555135	0.42343423	0.4216858	0.42033318	0.41926163	0.41843525	0.41781533	0.41740736	0.4171914	0.41708848	0.4170736	0.41712976	0.417265	0.417468	0.41771293	0.41799036	0.41829246	0.41861808	0.4189607	0.4193071	0.41965047	0.41998327	0.42029127	0.42056343	0.42079726	0.4209993
0.4592327	0.4593301	0.4594176	0.45948696	0.45953298	0.45954823	0.45953256	0.4594864	0.45941	0.45931366	0.4591942	0.45906037	0.45891976	0.45879257	0.45869005	0.45862395	0.45860347	0.4586425	0.45876157	0.4589776	0.4593052	0.4597363	0.4602797	0.4609251	0.46168327	0.46255252	0.46350574	0.4645226	0.46556422	0.46662354	0.46765533	0.4686244	0.46943018	0.47000602	0.47023773	0.47007516	0.46947706	0.4683888	0.46677566	0.46460134	0.4619396	0.45884633	0.4554164	0.45168075	0.44780043	0.44388816	0.44010764	0.4364903	0.4331178	0.43006665	0.42734018	0.42498976	0.42300913	0.42142916	0.42014948	0.41913903	0.4183616	0.4178256	0.41750988	0.41732907	0.4172578	0.41727522	0.41739058	0.41758966	0.41783994	0.41812947	0.41844794	0.4187923	0.4191528	0.41951308	0.41986603	0.42020538	0.42051336	0.4207778	0.42099795	0.42118102
0.45925477	0.45937476	0.4594908	0.45959306	0.4596739	0.45972463	0.45974165	0.45972434	0.45966923	0.45958596	0.45946857	0.45932436	0.45916113	0.45899716	0.45884335	0.45870817	0.4586061	0.45855114	0.45856822	0.45867562	0.45889327	0.45921746	0.4596594	0.46021268	0.4608926	0.4616952	0.46259645	0.46358442	0.4646229	0.46571165	0.46681052	0.46787786	0.4688205	0.46957144	0.4700244	0.47012776	0.469832	0.46907333	0.46780664	0.46597588	0.46364105	0.46083853	0.45765486	0.45410728	0.45034516	0.44648612	0.4426858	0.4389884	0.43547335	0.43224105	0.42930663	0.42673638	0.4245284	0.42271903	0.4212244	0.42001984	0.4190737	0.41839582	0.41796613	0.41769373	0.41755396	0.4175219	0.4176076	0.41779387	0.4180416	0.41833568	0.41866338	0.41901967	0.41939026	0.4197565	0.42011058	0.4204474	0.42074716	0.42099604	0.42119488	0.42135197
0.4592049	0.4593451	0.4594882	0.45962396	0.45974246	0.4598339	0.45989138	0.45991337	0.45989245	0.45983717	0.45973867	0.45960188	0.45943514	0.4592534	0.45906693	0.45888156	0.4587152	0.4585819	0.4585083	0.45851475	0.45862448	0.45883757	0.45916957	0.45961845	0.46020418	0.4609241	0.46175602	0.46269602	0.4637102	0.46480498	0.46594378	0.46708095	0.4681303	0.46902576	0.46967104	0.4700127	0.46999544	0.46954805	0.46861643	0.46712828	0.46513018	0.46263942	0.45973298	0.4564128	0.45281273	0.44905412	0.44528154	0.4415496	0.43793392	0.43455422	0.43143848	0.42866585	0.42623982	0.4242038	0.42249212	0.4210868	0.4199619	0.4191299	0.41857278	0.41819558	0.41797444	0.4178809	0.41792566	0.4180885	0.41832343	0.41861254	0.4189402	0.41929942	0.41967052	0.42003298	0.42037812	0.42070335	0.42098594	0.42121118	0.421382	0.421507
0.45909154	0.45924753	0.45941442	0.4595817	0.45973688	0.45987007	0.45997223	0.46003926	0.4600602	0.46004188	0.45997384	0.4598578	0.45970234	0.45951885	0.45931655	0.4590987	0.4588852	0.4586913	0.45854402	0.45846364	0.45847523	0.45858195	0.4588048	0.45914578	0.459629	0.46025527	0.46100459	0.4618798	0.46285117	0.4639302	0.46508253	0.4662615	0.46738878	0.46839955	0.4692085	0.4697602	0.4699954	0.46983612	0.4692216	0.46806723	0.46640733	0.46423826	0.46162626	0.4585603	0.45515743	0.45153952	0.44783723	0.44411474	0.44044158	0.43695113	0.43368658	0.43073863	0.42811477	0.42586413	0.42394143	0.42233607	0.42102915	0.4200356	0.41934055	0.41884673	0.4185317	0.41836414	0.41835546	0.4184821	0.41869205	0.41896364	0.41927946	0.4196302	0.41999024	0.42033735	0.42066216	0.42096394	0.42121875	0.421412	0.4215481	0.4216356
0.4589246	0.45909062	0.4592767	0.4594714	0.4596609	0.45983493	0.45998234	0.46009716	0.4601646	0.46019012	0.46016097	0.46007672	0.4599448	0.45977336	0.4595706	0.45933774	0.45909518	0.45885882	0.45865583	0.45850497	0.45843202	0.45844284	0.45856267	0.45879838	0.45917618	0.45970237	0.46035925	0.46115607	0.46206838	0.46311074	0.46425155	0.46544456	0.46662015	0.46771592	0.46865815	0.4693903	0.46984866	0.46995047	0.46962982	0.4687924	0.46746215	0.46561667	0.46331036	0.46052048	0.45734417	0.45390216	0.4503109	0.4466402	0.44295377	0.4393952	0.43601996	0.4329279	0.4301313	0.42768362	0.4255621	0.42376262	0.4222745	0.42111567	0.42027363	0.41965222	0.4192313	0.41897714	0.41890183	0.41897815	0.4191488	0.41938967	0.41968113	0.4200116	0.4203486	0.42066872	0.42096198	0.42122942	0.42144722	0.4216009	0.42169628	0.4217411
0.4587195	0.45889035	0.45909053	0.45930856	0.45952958	0.45974284	0.45993534	0.46009874	0.46021497	0.46028838	0.46030423	0.46025935	0.46015996	0.4600104	0.4598191	0.459585	0.45932832	0.45906597	0.45882332	0.4586171	0.458473	0.45839918	0.45842472	0.45856047	0.4588341	0.45925817	0.45981708	0.4605266	0.46136513	0.46235168	0.46345854	0.46464157	0.46584025	0.46699554	0.4680449	0.46893042	0.46958482	0.4699216	0.46987215	0.46933436	0.46832144	0.46679422	0.46479687	0.4622959	0.45936725	0.4561286	0.45268106	0.44909889	0.44543815	0.44185016	0.43840155	0.4351975	0.4322547	0.42963105	0.427326	0.42534235	0.42367795	0.42235237	0.4213582	0.42060137	0.4200649	0.4197136	0.41955933	0.41957235	0.41969016	0.41988686	0.42014125	0.42043915	0.4207412	0.42102212	0.42127234	0.42149535	0.42166752	0.4217747	0.42182428	0.42182246
0.45849985	0.45866945	0.45887768	0.4591136	0.45936128	0.4596104	0.45984522	0.46005565	0.46022096	0.46034384	0.460408	0.46040684	0.46034628	0.46022686	0.46005666	0.45983294	0.45957512	0.45930076	0.45903254	0.45878577	0.45858464	0.45843995	0.45838133	0.45842397	0.4585969	0.45891866	0.45937544	0.4599894	0.46074218	0.46165743	0.4627123	0.4638646	0.46506342	0.46625313	0.46738225	0.46839216	0.46921268	0.46975678	0.46995276	0.4696927	0.46898025	0.46776345	0.46607628	0.4638735	0.46120927	0.4581994	0.45492584	0.45146757	0.44787037	0.4442912	0.4408055	0.437521	0.43445954	0.43168342	0.42921257	0.42705697	0.42522237	0.42373142	0.42258215	0.42168385	0.42102367	0.4205649	0.42031974	0.42025626	0.42030752	0.4204465	0.42065042	0.4209028	0.42115772	0.4213888	0.42158604	0.4217555	0.4218743	0.4219296	0.42193002	0.42187998
0.45828405	0.45844588	0.45865574	0.45890313	0.45917177	0.45945117	0.45972466	0.4599788	0.4601913	0.46036336	0.4604771	0.4605227	0.46050525	0.46042216	0.46028095	0.4600767	0.45982844	0.45955318	0.45927167	0.458997	0.45875096	0.4585475	0.45841587	0.45837414	0.4584527	0.45867434	0.45902744	0.45954034	0.46019828	0.46102926	0.46201652	0.46312034	0.4642985	0.46549985	0.4666834	0.46778947	0.46874765	0.46947032	0.46988457	0.46988	0.469451	0.46853444	0.46715397	0.4652539	0.46286768	0.46010596	0.45703286	0.45372963	0.45023113	0.44669485	0.4432059	0.43987226	0.4367203	0.4338154	0.43119788	0.42888466	0.42688912	0.42523643	0.42393136	0.42288822	0.42209738	0.42152202	0.42117482	0.42102236	0.42099375	0.42106092	0.42120075	0.4213951	0.42159098	0.42176178	0.4218974	0.42200613	0.4220663	0.42206573	0.4220147	0.42191613
0.45810714	0.45825434	0.4584586	0.45871004	0.45899224	0.45929524	0.4596005	0.4598921	0.46014664	0.4603632	0.46052334	0.4606147	0.4606409	0.46059656	0.4604874	0.46030787	0.46007666	0.459809	0.45952377	0.45923185	0.45895267	0.45870188	0.45850837	0.4583931	0.45838583	0.45851344	0.4587664	0.45917952	0.4597409	0.46048224	0.46139205	0.4624334	0.4635736	0.46476704	0.4659814	0.46715587	0.46822232	0.46909332	0.4696958	0.46991915	0.46975031	0.46911553	0.46802777	0.46642327	0.4643177	0.46181485	0.45895952	0.45583394	0.45246297	0.4490019	0.4455423	0.44219267	0.43898144	0.4359771	0.43323785	0.43078727	0.4286472	0.42684424	0.42538863	0.4242017	0.42327806	0.42258102	0.4221238	0.4218704	0.4217489	0.4217298	0.42179048	0.42191166	0.42203507	0.42213404	0.42219847	0.42223784	0.42223364	0.42217517	0.42207325	0.42192867
0.45797423	0.45810127	0.45829397	0.45854264	0.45883158	0.45915115	0.4594815	0.45980448	0.460095	0.46035135	0.4605546	0.4606892	0.4607579	0.46075264	0.46067756	0.46052676	0.4603178	0.46006447	0.45978287	0.45948273	0.45917988	0.4588919	0.45864752	0.4584688	0.45838487	0.458426	0.4585848	0.45890102	0.45936567	0.46001297	0.46083787	0.46180648	0.46289518	0.46406433	0.46528867	0.46650833	0.46765688	0.4686487	0.46941203	0.46983713	0.469905	0.46953174	0.46872148	0.4674043	0.46557704	0.463337	0.46071076	0.45777962	0.4545596	0.45120025	0.44779882	0.44446206	0.44122013	0.43814382	0.43530765	0.4327415	0.430474	0.42853248	0.42693365	0.4256065	0.42455	0.4237286	0.4231545	0.422791	0.42256498	0.42244714	0.42241699	0.42245272	0.422492	0.42250842	0.4224921	0.4224544	0.42238128	0.42226294	0.42211097	0.42192268
0.45789573	0.45799798	0.45817378	0.45841426	0.4587039	0.45903364	0.45938253	0.45972997	0.4600503	0.46034142	0.46058315	0.46075714	0.4608651	0.46089774	0.46085697	0.4607364	0.46055293	0.46031845	0.46004575	0.4597444	0.45942664	0.45911068	0.45882502	0.45859286	0.45844144	0.45840442	0.4584763	0.45870003	0.45906922	0.45962143	0.46035716	0.46124566	0.4622725	0.4634025	0.46461836	0.46586227	0.46706972	0.4681577	0.46905595	0.4696574	0.46993697	0.46980396	0.46925437	0.46821272	0.4666574	0.46467966	0.46228817	0.45956427	0.45651355	0.45327792	0.44995973	0.44666114	0.4434148	0.44029224	0.43738315	0.4347224	0.43234396	0.43027636	0.42854294	0.42708123	0.4258936	0.4249459	0.42424968	0.42376846	0.4234283	0.42320177	0.42306957	0.423009	0.42295328	0.4228772	0.42277223	0.42265117	0.42250547	0.42232713	0.42212746	0.42190024
0.4578877	0.45796135	0.45811605	0.45834288	0.45862734	0.4589604	0.45932052	0.45968452	0.460027	0.46034503	0.46061882	0.46082675	0.46097007	0.46103802	0.4610302	0.46093982	0.46078318	0.46057048	0.460312	0.46001613	0.45969164	0.4593577	0.4590415	0.4587664	0.4585579	0.45845154	0.45844445	0.4585811	0.4588581	0.45931557	0.45995957	0.46076208	0.4617167	0.46279398	0.463984	0.46523085	0.4664731	0.46763113	0.4686369	0.46938756	0.46985257	0.4699364	0.46962798	0.46884644	0.4675541	0.46583483	0.46368206	0.46117523	0.45830888	0.45521575	0.4520033	0.4487669	0.44554165	0.44239807	0.43943936	0.43670467	0.43423277	0.43205294	0.43019533	0.42860585	0.42729014	0.42621565	0.42539397	0.42478892	0.42432636	0.42398107	0.42373663	0.4235698	0.42341042	0.42323497	0.42303658	0.42282927	0.4226099	0.42237294	0.4221295	0.42186975
0.4579599	0.45800248	0.45813283	0.45834237	0.45861697	0.45894787	0.4593125	0.45968524	0.4600411	0.46037787	0.4606755	0.46091038	0.46108302	0.46118137	0.46120346	0.46114165	0.46101207	0.46082288	0.46058178	0.46029612	0.45997226	0.45962864	0.4592912	0.458983	0.45872772	0.45856148	0.45848387	0.45854038	0.45873016	0.45909542	0.4596466	0.4603591	0.4612345	0.4622484	0.46339738	0.46462852	0.4658841	0.4670885	0.4681766	0.46905082	0.46967578	0.46995324	0.4698651	0.46932614	0.46828538	0.4668177	0.46490222	0.46261582	0.45994303	0.457007	0.4539168	0.45076185	0.44757816	0.44443545	0.44144747	0.43865815	0.43610966	0.43383223	0.43186116	0.4301523	0.4287137	0.42751488	0.42656642	0.42583284	0.42524162	0.42476952	0.42440435	0.4241229	0.42385328	0.42357415	0.42328042	0.4229863	0.42269516	0.42240414	0.42212296	0.42183855
0.45812032	0.45813167	0.45823684	0.45842683	0.4586888	0.4590129	0.45937634	0.4597506	0.46011132	0.4604578	0.46077025	0.46102256	0.46121603	0.46133757	0.46138316	0.46134567	0.46124062	0.46107483	0.4608529	0.46058038	0.46026272	0.45991737	0.45956737	0.45923632	0.45894518	0.45872936	0.45859125	0.45857686	0.45868722	0.45896563	0.45942715	0.4600495	0.4608419	0.46178573	0.46288228	0.4640819	0.46533147	0.46655986	0.46770564	0.46867657	0.4694349	0.4698798	0.469987	0.46966806	0.46886063	0.46763167	0.46594596	0.4638769	0.46140072	0.45863003	0.45567387	0.45261565	0.4494912	0.44636917	0.443372	0.44054738	0.43794048	0.43558162	0.43351108	0.43169364	0.43014017	0.42882246	0.42774892	0.42688575	0.4261616	0.42555636	0.4250634	0.4246611	0.42427546	0.4238902	0.42350018	0.42311943	0.4227587	0.4224188	0.42210716	0.42180786
0.45836204	0.4583425	0.45842195	0.4585914	0.45883867	0.45915273	0.4595104	0.4598804	0.46023917	0.4605877	0.4609069	0.46116844	0.46137467	0.46151218	0.46157527	0.4615574	0.46147323	0.46132892	0.46112657	0.46086973	0.46056333	0.4602231	0.45986876	0.45952278	0.45920476	0.4589483	0.45875835	0.4586818	0.45872083	0.4589181	0.45929348	0.45982718	0.46053505	0.46140298	0.46243763	0.4635926	0.4648202	0.46605444	0.46723706	0.46828213	0.46914977	0.46973777	0.47001627	0.46989602	0.4693041	0.46829855	0.46683136	0.4649736	0.4626938	0.46009213	0.45727775	0.45432687	0.45127568	0.44819075	0.44520175	0.44235933	0.4397107	0.4372852	0.435128	0.4332128	0.43155378	0.43012363	0.42892817	0.42793548	0.42707554	0.42633215	0.4257053	0.42517716	0.42467257	0.4241802	0.4236949	0.42323	0.42280367	0.42242083	0.42208594	0.42178053
0.4586747	0.4586263	0.45868155	0.4588312	0.459063	0.45936507	0.45971388	0.46007577	0.4604268	0.46077076	0.461089	0.461352	0.46156222	0.4617083	0.4617828	0.46177912	0.46171245	0.461588	0.46140507	0.46116635	0.46087477	0.46054476	0.46019262	0.45983982	0.45950386	0.45921624	0.45898414	0.45885393	0.45882928	0.45895195	0.45924646	0.45969397	0.46031627	0.46110404	0.46206903	0.46316934	0.46436158	0.465585	0.46678498	0.46788245	0.46883607	0.46954376	0.4699713	0.47002834	0.4696318	0.46883297	0.46757275	0.46591932	0.46383274	0.4614008	0.45873305	0.45589745	0.45293063	0.44989622	0.4469298	0.44408393	0.44140705	0.43892777	0.43669567	0.43469316	0.43293583	0.43139815	0.4300839	0.42896202	0.42796555	0.4270811	0.4263169	0.42565972	0.4250346	0.4244361	0.4238597	0.4233162	0.4228307	0.4224129	0.42206392	0.42176184
0.45905536	0.458981	0.45901453	0.45914632	0.45936352	0.45965338	0.45999095	0.46034122	0.46067983	0.4610131	0.4613233	0.46157932	0.46178538	0.46193165	0.4620095	0.46201378	0.46196055	0.4618539	0.4616911	0.46147233	0.46119976	0.46088478	0.46054083	0.46018833	0.459843	0.4595335	0.45926878	0.45909423	0.45901448	0.45907003	0.45928848	0.45965356	0.4601905	0.4608957	0.46178517	0.46282148	0.46396548	0.4651619	0.4663604	0.46748924	0.46850592	0.46930975	0.4698627	0.47007385	0.46985298	0.46924263	0.4681757	0.46671665	0.46481755	0.462554	0.46003497	0.4573207	0.45444724	0.4514746	0.4485428	0.44570646	0.4430139	0.4404932	0.4381969	0.43611595	0.43426716	0.43262672	0.4311971	0.4299478	0.4288156	0.427791	0.42688924	0.4261031	0.42535987	0.42465824	0.4239956	0.42338023	0.42284286	0.4223985	0.42204377	0.42175394
0.45948803	0.45939237	0.45940834	0.45952556	0.45973125	0.46001062	0.46033737	0.46067524	0.4609993	0.46131876	0.46161583	0.46185893	0.46205306	0.46219143	0.462265	0.46227026	0.46222508	0.462133	0.4619883	0.4617895	0.46153772	0.46124157	0.46091133	0.46056598	0.460219	0.45989656	0.45960838	0.45939755	0.4592708	0.45926654	0.45941412	0.45970112	0.4601559	0.46077853	0.46158957	0.46255517	0.46364167	0.46479952	0.46598208	0.46712458	0.4681843	0.46906316	0.46971932	0.47006258	0.4699964	0.46955603	0.4686662	0.46738735	0.46566588	0.46356565	0.4611926	0.4586001	0.45582318	0.45291883	0.45002997	0.44721204	0.44451338	0.44196033	0.43960813	0.4374552	0.43552	0.43378085	0.43223962	0.43086502	0.42960003	0.42843878	0.42740223	0.426489	0.42563364	0.4248359	0.4240964	0.42341983	0.42284235	0.42238212	0.42203033	0.42176095
0.45996374	0.45985192	0.45985496	0.4599622	0.4601598	0.4604317	0.46074948	0.46107528	0.461384	0.46168765	0.4619676	0.462193	0.46236914	0.4624922	0.46255425	0.4625533	0.46250966	0.46242744	0.46229813	0.4621182	0.46188813	0.46161354	0.4613013	0.4609687	0.4606272	0.46030015	0.45999682	0.45975873	0.45959324	0.45953703	0.45962065	0.4598353	0.46021217	0.4607545	0.4614864	0.46237808	0.46340036	0.46450955	0.4656633	0.46680322	0.46788764	0.46882075	0.46955848	0.47001114	0.47007784	0.4697867	0.4690553	0.46794128	0.46638495	0.4644391	0.46220654	0.45973387	0.45705467	0.45422274	0.45138264	0.44859067	0.44589388	0.4433163	0.4409157	0.4386969	0.43667927	0.4348455	0.43319738	0.43170196	0.430309	0.42901674	0.42784923	0.42681375	0.4258533	0.42496884	0.42416176	0.42343336	0.4228249	0.42235607	0.42201304	0.42177063
0.46047	0.46034697	0.46034232	0.46044388	0.4606379	0.46090537	0.4612162	0.46153128	0.46182495	0.46211162	0.46237215	0.46257636	0.46273005	0.46283197	0.46287638	0.4628633	0.4628157	0.4627388	0.46262228	0.46246013	0.462252	0.4620009	0.4617097	0.46139443	0.46106464	0.46074003	0.4604291	0.46017104	0.4599741	0.45987272	0.45989847	0.4600463	0.4603495	0.4608143	0.46146715	0.4622834	0.46323758	0.4642914	0.4654062	0.46653047	0.46762392	0.46859375	0.46939412	0.46993607	0.47011533	0.46995348	0.46936232	0.46839675	0.46699253	0.46519083	0.46309137	0.46073362	0.45815054	0.45539263	0.45260504	0.44984436	0.44715595	0.44456065	0.44211707	0.4398371	0.43774033	0.43581453	0.43406323	0.43245023	0.43093246	0.42951408	0.42822045	0.4270686	0.42601237	0.42505315	0.42419052	0.42342287	0.42279407	0.4223246	0.4219957	0.42178413
0.46099162	0.46086317	0.46085608	0.46095714	0.46115145	0.46141854	0.46172592	0.46203333	0.46231356	0.4625838	0.46282393	0.4630045	0.4631322	0.46320885	0.4632304	0.46320003	0.46314403	0.46306825	0.46296218	0.4628166	0.46263027	0.46240422	0.4621371	0.46184355	0.46153107	0.4612152	0.4609034	0.4606322	0.46041057	0.46027097	0.46024585	0.46033326	0.4605681	0.4609589	0.4615346	0.46227497	0.46315807	0.46415013	0.46521688	0.46631366	0.46740127	0.46839055	0.46923444	0.46984532	0.47011632	0.47006315	0.46959397	0.4687601	0.46749353	0.46582398	0.46384895	0.46160093	0.45911163	0.4564277	0.45369446	0.4509683	0.44829184	0.44568288	0.4432003	0.4408611	0.43868637	0.43666998	0.4348181	0.4330924	0.43145669	0.42992043	0.42850986	0.42725033	0.4261089	0.42508608	0.42417946	0.42338455	0.422746	0.4222827	0.42197144	0.42179197
0.46151575	0.46138766	0.46138316	0.46148843	0.46168765	0.4619584	0.46226582	0.46256894	0.46283895	0.4630948	0.46331564	0.46347183	0.46357185	0.46362033	0.46361548	0.46356398	0.46349576	0.46341783	0.46331942	0.4631887	0.46302366	0.4628237	0.46258318	0.46231502	0.46202496	0.46172348	0.46141642	0.46113807	0.46089786	0.46072614	0.46065658	0.46068993	0.46086198	0.46118313	0.4616844	0.46234933	0.4631594	0.46408522	0.46509656	0.46615538	0.4672241	0.4682171	0.46908697	0.46974772	0.470091	0.47012728	0.46976167	0.46904302	0.46789932	0.46635047	0.46449047	0.4623459	0.45994636	0.4573347	0.45465595	0.4519649	0.449302	0.44668132	0.4441604	0.4417624	0.43950948	0.43740255	0.4354512	0.4336177	0.43187162	0.43022913	0.42871374	0.4273594	0.42614514	0.4250698	0.42412964	0.42331737	0.42267767	0.42222607	0.42193484	0.42178664
0.46202242	0.4619009	0.4619049	0.46201962	0.46222854	0.4625076	0.46281916	0.4631222	0.46338576	0.46363056	0.46383482	0.4639684	0.46404183	0.46406236	0.46403047	0.46395612	0.4638739	0.46379155	0.46369827	0.46358088	0.46343595	0.4632617	0.46304864	0.4628077	0.46254256	0.46225968	0.46196228	0.46168214	0.46142912	0.46123144	0.46112373	0.46110964	0.4612253	0.46148288	0.46191397	0.46250606	0.46324372	0.46410236	0.46505463	0.46606854	0.46710762	0.4680912	0.46897146	0.46966434	0.4700605	0.47016662	0.4698853	0.46926254	0.4682242	0.46678144	0.46502447	0.46297374	0.46065632	0.45811176	0.4554839	0.4528257	0.45017484	0.44754267	0.44498372	0.44252515	0.44019192	0.43799162	0.4359398	0.43400115	0.4321532	0.43041605	0.42880893	0.42737296	0.4261018	0.42498848	0.42403013	0.42321637	0.42259032	0.422157	0.42188713	0.42176616
0.46250826	0.46239886	0.46241683	0.46254587	0.46276912	0.46306106	0.4633808	0.46368703	0.46394765	0.46418455	0.4643749	0.46448845	0.46453694	0.4645311	0.4644724	0.46437454	0.46427774	0.46418932	0.46409908	0.46399298	0.46386617	0.46371585	0.46352983	0.46331716	0.46307957	0.46281868	0.46253493	0.4622578	0.46199685	0.46177885	0.46163887	0.4615832	0.46164834	0.46184734	0.46221244	0.46273458	0.46340173	0.4641931	0.4650839	0.46604767	0.4670496	0.4680131	0.4688909	0.4696007	0.47003314	0.47019142	0.46997657	0.46943277	0.4684838	0.46713287	0.46546695	0.46350032	0.46125677	0.45877263	0.45619005	0.45355925	0.45091647	0.4482704	0.44567162	0.44315022	0.44073406	0.4384387	0.43628803	0.43424958	0.43230957	0.43049058	0.4288043	0.42729953	0.42598474	0.42484576	0.4238813	0.42307782	0.42247513	0.42206684	0.42182046	0.4217264
0.46296963	0.46287766	0.4629146	0.4630625	0.4633041	0.46361268	0.4639439	0.46425632	0.4645166	0.4647482	0.4649271	0.46502322	0.46504998	0.46501976	0.46493578	0.46481556	0.46470392	0.46460858	0.46452004	0.46442354	0.4643132	0.46418515	0.46402514	0.4638411	0.46363217	0.4633953	0.46312857	0.46285778	0.4625935	0.46236005	0.462193	0.46210134	0.46212083	0.46226615	0.4625696	0.46302575	0.46362537	0.4643503	0.46517855	0.46608892	0.46704763	0.46798226	0.46884617	0.46955937	0.47001308	0.4702074	0.47004306	0.46956253	0.46868747	0.46741453	0.4658278	0.46393546	0.46175793	0.45932674	0.45678258	0.45417285	0.4515323	0.44886842	0.4462261	0.4436386	0.44113654	0.43874457	0.4364956	0.43436235	0.4323386	0.430451	0.42870128	0.42714298	0.42579985	0.4246502	0.4236913	0.42290953	0.42234012	0.42196116	0.4217386	0.42166746
0.46340254	0.46333274	0.46339262	0.46356294	0.46382618	0.46415427	0.46449986	0.46482137	0.4650847	0.46531397	0.46548456	0.46556637	0.4655753	0.46552402	0.4654178	0.46527684	0.46515068	0.4650476	0.4649592	0.4648703	0.4647746	0.46466762	0.46453303	0.46437782	0.46419826	0.46398678	0.4637395	0.46347833	0.46321455	0.46297035	0.4627816	0.46265933	0.4626393	0.46273622	0.46298313	0.4633778	0.46391302	0.4645731	0.4653387	0.46619263	0.4671026	0.46799994	0.46883893	0.46954256	0.47000328	0.47021818	0.47008944	0.46965617	0.46883994	0.46763137	0.46611056	0.46428102	0.46215904	0.45977086	0.45725533	0.45465744	0.45201108	0.44932303	0.44663265	0.4439769	0.44138938	0.43890306	0.4365593	0.43433976	0.43224236	0.43029976	0.4285015	0.42690605	0.42554855	0.42440093	0.4234587	0.4227082	0.4221787	0.42183173	0.4216321	0.42157856
0.46380466	0.46376133	0.46384782	0.46404332	0.46433043	0.46468028	0.46504226	0.46537507	0.46564347	0.46587265	0.46603745	0.46610832	0.46610302	0.4660349	0.46591032	0.465752	0.46561304	0.46550286	0.4654142	0.46533155	0.4652493	0.46516207	0.46505204	0.46492445	0.4647739	0.46458834	0.46436125	0.4641119	0.4638515	0.46360046	0.46339476	0.46324703	0.4631929	0.46324688	0.46344224	0.46378016	0.4642546	0.46485257	0.46555632	0.4663521	0.46720916	0.46806264	0.46886808	0.4695514	0.47000676	0.47023	0.47012353	0.46972445	0.46895313	0.4677958	0.46632808	0.46454895	0.46247113	0.4601155	0.45761678	0.4550193	0.4523556	0.44963393	0.44688934	0.4441626	0.44149113	0.43891427	0.43648097	0.43418503	0.43202615	0.43004268	0.42821297	0.42659873	0.42524296	0.42411032	0.42319334	0.4224805	0.42199415	0.421678	0.42149827	0.4214564
0.46417332	0.46416032	0.4642765	0.46449962	0.46481255	0.46518576	0.46556568	0.4659111	0.46618658	0.4664172	0.46657804	0.46664095	0.46662506	0.46654475	0.4664064	0.46623528	0.46608713	0.46597162	0.4658834	0.4658069	0.46573687	0.46566784	0.46558022	0.4654785	0.46535522	0.46519405	0.4649869	0.46475014	0.46449488	0.46424055	0.46402234	0.46385473	0.46377233	0.4637893	0.46393904	0.46422583	0.4646446	0.46518466	0.4658295	0.46656793	0.46737015	0.46817517	0.46894044	0.46959424	0.4700331	0.4702523	0.47015497	0.4697757	0.46903333	0.46791172	0.4664814	0.46473747	0.46269044	0.46035492	0.45785964	0.45524904	0.45255548	0.4497912	0.44698685	0.44418812	0.4414364	0.4387732	0.43625456	0.43389273	0.43168598	0.42967737	0.42783532	0.42622316	0.42488548	0.42377985	0.4228981	0.42223012	0.42179024	0.42150518	0.42134237	0.42130575
0.46450958	0.4645304	0.46467906	0.4649318	0.4652723	0.46567082	0.46607003	0.4664291	0.4667126	0.46694598	0.4671046	0.46716172	0.4671389	0.46705022	0.46690232	0.46672228	0.46656844	0.46645045	0.4663646	0.4662953	0.46623743	0.46618545	0.46611834	0.46603993	0.4659416	0.46580282	0.46561423	0.46538985	0.46514076	0.4648858	0.46465892	0.46447644	0.46437117	0.46435678	0.46446663	0.46470752	0.46507576	0.46556222	0.46615115	0.46683335	0.46758002	0.46833414	0.46905467	0.46967173	0.47008494	0.4702896	0.4701899	0.46981737	0.46908876	0.467987	0.46657744	0.46485162	0.4628186	0.46048737	0.4579793	0.45533982	0.45260265	0.44978672	0.4469182	0.4440475	0.44122136	0.4384799	0.4358858	0.43347186	0.43123475	0.4292169	0.42737982	0.42578638	0.42447934	0.42340937	0.42257118	0.42195436	0.4215639	0.42131042	0.4211637	0.4211278
0.4648191	0.46487656	0.4650601	0.465344	0.46571308	0.46613687	0.46655592	0.46692878	0.46722078	0.46745738	0.46761507	0.4676685	0.46764204	0.4675491	0.46739593	0.46721148	0.4670558	0.46693805	0.46685588	0.46679413	0.46674755	0.46671057	0.4666611	0.4666033	0.46652642	0.46640694	0.46623552	0.46602315	0.46578136	0.46552837	0.46529645	0.46510324	0.46498045	0.4649405	0.46501628	0.46521762	0.46554118	0.46597862	0.4665153	0.46714345	0.46783537	0.4685365	0.46920788	0.4697815	0.47016072	0.47033986	0.47022587	0.46984583	0.46911484	0.46801537	0.4666078	0.46488133	0.46284446	0.46050003	0.45796263	0.455279	0.4524866	0.44961086	0.4466758	0.44373664	0.44084543	0.43803892	0.43538383	0.432934	0.43068367	0.4286746	0.42686126	0.42530608	0.4240442	0.42302054	0.42223206	0.42166817	0.42132622	0.4211027	0.42096803	0.42092714
0.46510452	0.4652005	0.46542042	0.46573648	0.4661345	0.466584	0.46702272	0.4674093	0.46771008	0.46795073	0.46810836	0.46816057	0.4681334	0.4680401	0.46788636	0.46770152	0.46754706	0.46743187	0.46735424	0.46729982	0.46726367	0.46723938	0.46720478	0.46716398	0.46710515	0.4670026	0.46684638	0.4666456	0.4664124	0.46616313	0.4659299	0.46573046	0.46559498	0.46553552	0.46558344	0.4657516	0.46603617	0.4664299	0.46691874	0.4674954	0.4681331	0.4687795	0.46939796	0.46992165	0.4702584	0.47040153	0.4702598	0.46985686	0.46910667	0.4679899	0.46656445	0.46481684	0.46275592	0.46037933	0.45779538	0.45505413	0.4521965	0.44925448	0.44625393	0.44325328	0.44030985	0.43745503	0.43475813	0.4322906	0.43004453	0.42805982	0.42628643	0.42478484	0.42358127	0.42261404	0.4218818	0.42137372	0.42107946	0.42088312	0.42075697	0.42070562
0.46537185	0.46550846	0.46576536	0.46611345	0.46653977	0.4670141	0.46747142	0.46787104	0.46818057	0.46842507	0.46858308	0.4686361	0.46861106	0.46852082	0.46837047	0.46818957	0.4680395	0.46792886	0.46785676	0.46780986	0.46778297	0.46776873	0.46774605	0.46771833	0.46767336	0.4675839	0.46744078	0.46725053	0.46702537	0.46678153	0.4665497	0.466348	0.46620527	0.4661314	0.46615803	0.4662996	0.46655154	0.46690756	0.4673531	0.46788165	0.46846634	0.46905735	0.46962023	0.47008935	0.47037494	0.47047082	0.4702879	0.46984735	0.46906093	0.46790615	0.46644077	0.46464851	0.4625401	0.46010965	0.4574607	0.4546473	0.45171237	0.4486955	0.44562918	0.4425768	0.4395979	0.43671784	0.43400654	0.43154866	0.4293304	0.4273906	0.42567688	0.42424792	0.42311445	0.42221153	0.42153707	0.4210825	0.42082828	0.42065153	0.420528	0.42046168
0.46562192	0.4658003	0.46609476	0.46647483	0.46692884	0.46742725	0.46790266	0.46831483	0.46863306	0.4688814	0.46904027	0.469095	0.46907425	0.4689901	0.46884656	0.46867323	0.46853042	0.46842623	0.46836078	0.46832186	0.46830347	0.46829784	0.46828467	0.46826658	0.4682321	0.4681524	0.4680197	0.46783906	0.46762207	0.46738446	0.46715674	0.4669564	0.46681055	0.4667276	0.46673825	0.46685854	0.46708333	0.4674065	0.4678127	0.46829498	0.46882695	0.46936044	0.4698639	0.47027084	0.47049564	0.4705317	0.47029236	0.4697978	0.46895736	0.46774495	0.4662181	0.46436056	0.46218613	0.45968586	0.45695868	0.4540639	0.45104522	0.4479496	0.44482046	0.44172728	0.43872908	0.43584317	0.4331388	0.43071288	0.42854238	0.42666608	0.42503205	0.42369333	0.42264268	0.42181212	0.42119962	0.42079875	0.4205802	0.42041853	0.42029318	0.4202073
0.46585786	0.46607882	0.46641085	0.46682227	0.46730322	0.4678244	0.46831688	0.46874115	0.46906793	0.46932045	0.46948043	0.46953842	0.469524	0.4694485	0.46931487	0.46915215	0.46901917	0.4689231	0.46886525	0.46883422	0.46882385	0.4688251	0.4688188	0.46880764	0.4687803	0.46870774	0.46858346	0.4684114	0.46820265	0.46797287	0.46775195	0.46755672	0.46741214	0.4673251	0.4673251	0.46742913	0.4676314	0.46792582	0.46829548	0.46873266	0.46921128	0.46968496	0.4701236	0.4704601	0.47061253	0.47057498	0.4702623	0.46969476	0.4687802	0.46748796	0.46587697	0.46393192	0.4616717	0.45908612	0.4562695	0.4532872	0.45018333	0.44701213	0.44382927	0.44071063	0.4377145	0.43484718	0.43217573	0.4298054	0.42770404	0.4259088	0.4243702	0.423136	0.42217785	0.42142463	0.4208758	0.4205247	0.42033508	0.4201831	0.4200517	0.41994268
0.46608043	0.4663445	0.4667141	0.46715623	0.46766317	0.46820593	0.46871454	0.46915025	0.46948546	0.4697423	0.4699046	0.46996713	0.46996084	0.46989655	0.46977556	0.46962628	0.46950543	0.46941912	0.46936956	0.4693463	0.4693427	0.46934894	0.469347	0.46933967	0.46931672	0.46924907	0.46913177	0.46896833	0.4687692	0.46854913	0.4683379	0.46815142	0.4680123	0.46792585	0.46791998	0.46801248	0.4681958	0.46846384	0.46879774	0.46918887	0.46961093	0.47001842	0.470383	0.47063658	0.47070053	0.47057018	0.4701627	0.46949887	0.4684864	0.4670906	0.46537355	0.46332157	0.46095926	0.45827654	0.4553665	0.4522989	0.44911757	0.44588196	0.44266218	0.43953726	0.4365666	0.43374407	0.43113416	0.42884412	0.42683414	0.4251368	0.42370784	0.42258814	0.42172956	0.42105678	0.42057085	0.420265	0.4200983	0.41995186	0.41981208	0.41967997
0.4662914	0.46659836	0.4670049	0.4674772	0.4680091	0.46857256	0.46909648	0.46954304	0.46988684	0.47014868	0.47031426	0.47038308	0.4703868	0.47033554	0.47022945	0.47009575	0.46998885	0.46991348	0.46987262	0.46985686	0.46985886	0.46986806	0.46986836	0.46986252	0.46984127	0.469777	0.469666	0.46951184	0.46932352	0.4691158	0.46891737	0.46874312	0.4686133	0.46853137	0.4685239	0.46860793	0.46877456	0.46901697	0.46931478	0.46965665	0.47001705	0.47034985	0.47062913	0.47078568	0.47074252	0.47049806	0.4699718	0.46918628	0.4680498	0.46652636	0.4646819	0.46250588	0.46002764	0.45724025	0.45423698	0.45109084	0.44784665	0.44456607	0.44133195	0.4382256	0.43530425	0.43255228	0.43003088	0.42784497	0.42594734	0.4243635	0.42305577	0.42205834	0.4213015	0.42071044	0.42028654	0.42002237	0.41987404	0.41973165	0.41958347	0.41943085
0.46649244	0.46684173	0.46728438	0.46778566	0.46834102	0.46892276	0.4694605	0.46991727	0.47027	0.47053793	0.4707082	0.47078532	0.47080088	0.47076464	0.47067583	0.47056013	0.47046828	0.47040492	0.47037286	0.47036397	0.47037044	0.4703811	0.4703819	0.47037575	0.47035402	0.47029176	0.47018692	0.47004232	0.46986625	0.46967286	0.4694899	0.46933067	0.46921334	0.4691393	0.46913314	0.46920997	0.46935993	0.4695755	0.4698342	0.4701212	0.4704104	0.47065735	0.47083738	0.47088045	0.47070956	0.47032672	0.46965522	0.46872008	0.46743217	0.4657563	0.4637637	0.46144566	0.4588362	0.45593578	0.45284396	0.44963342	0.44634762	0.44304806	0.43983167	0.43677574	0.43393564	0.4312887	0.42889237	0.426839	0.42507398	0.42361683	0.42243826	0.42156374	0.42090708	0.42039573	0.42003042	0.41980386	0.4196699	0.41953182	0.41937953	0.4192132
0.4666825	0.46707353	0.46755147	0.46808073	0.46865803	0.46925715	0.46980742	0.47027445	0.47063625	0.47091055	0.4710865	0.47117302	0.47120178	0.47118187	0.47111195	0.47101575	0.47094035	0.4708896	0.47086692	0.47086507	0.47087544	0.4708873	0.47088763	0.47087982	0.47085613	0.4707949	0.47069559	0.4705606	0.47039697	0.47021815	0.47005174	0.46990854	0.46980488	0.46973968	0.4697349	0.46980402	0.46993518	0.4701205	0.47033483	0.47055903	0.47076744	0.47091618	0.47098327	0.4708973	0.47057983	0.4700376	0.46919873	0.4680922	0.46663326	0.46478713	0.46263272	0.4601626	0.45741582	0.45440292	0.451231	0.44797117	0.44466314	0.441366	0.43819255	0.4352139	0.43247992	0.42996454	0.4277191	0.42581946	0.4242027	0.42288604	0.421847	0.42110077	0.42054635	0.420116	0.41980794	0.41961622	0.4194949	0.41936186	0.41920915	0.4190351
0.46686095	0.46729302	0.46780485	0.46836075	0.4689588	0.46957332	0.4701354	0.47061208	0.47098354	0.4712655	0.47144875	0.4715461	0.47158906	0.4715866	0.47153664	0.47146097	0.47140276	0.47136533	0.47135204	0.47135714	0.4713711	0.4713835	0.4713834	0.47137362	0.47134763	0.47128704	0.4711929	0.47106743	0.4709166	0.47075287	0.47060275	0.47047535	0.47038442	0.47032672	0.47032085	0.47037825	0.47048482	0.47063214	0.47079223	0.470942	0.47105634	0.47109145	0.47102815	0.47079462	0.47031128	0.46959007	0.46856326	0.46726626	0.46562034	0.46359235	0.46126866	0.4586457	0.45576614	0.45265034	0.44941437	0.44612867	0.442826	0.43956247	0.43646264	0.43359044	0.43098837	0.42862746	0.42655534	0.42482653	0.42336965	0.42219964	0.4213006	0.4206785	0.42022353	0.41987085	0.4196177	0.41946012	0.4193528	0.4192289	0.41908363	0.41891268
0.4670245	0.46749645	0.46804112	0.46862274	0.46924067	0.4698698	0.47044286	0.47092924	0.47131068	0.47160104	0.4717928	0.47190213	0.47196025	0.4719759	0.47194645	0.47189197	0.4718517	0.4718281	0.471825	0.47183713	0.4718551	0.47186846	0.47186804	0.47185656	0.4718285	0.47176868	0.4716796	0.47156367	0.47142518	0.47127572	0.47114038	0.47102636	0.47094488	0.47089005	0.47087717	0.47091472	0.47098687	0.47108406	0.47117606	0.47123507	0.47123727	0.4711394	0.47092518	0.47052342	0.46985313	0.4689337	0.46770203	0.46619987	0.46435606	0.46214303	0.4596526	0.45688576	0.4538872	0.45068887	0.4474145	0.44413173	0.44086704	0.4376719	0.43467695	0.43193817	0.42949063	0.4273044	0.42542195	0.42387682	0.42258856	0.42156968	0.42081	0.42030793	0.4199474	0.41966856	0.41946796	0.4193442	0.4192557	0.41915068	0.41902673	0.41887653
0.46717104	0.46768066	0.46825653	0.46886307	0.4695002	0.4701435	0.4707277	0.47122413	0.47161615	0.47191608	0.47211796	0.47224036	0.4723144	0.47234824	0.47233918	0.47230563	0.472283	0.47227335	0.47228068	0.47230038	0.47232252	0.47233766	0.47233787	0.47232598	0.47229707	0.47223938	0.47215602	0.47204965	0.47192314	0.47178656	0.47166342	0.47155845	0.47148022	0.47142115	0.4713918	0.4713974	0.47142127	0.47145224	0.47145766	0.471405	0.471273	0.4710193	0.47063014	0.47003615	0.46915722	0.46802124	0.46657068	0.46485204	0.4628039	0.46040964	0.45776358	0.4548729	0.45178157	0.44853336	0.44525802	0.44201592	0.4388295	0.43574476	0.43289283	0.43031704	0.42804527	0.42604786	0.42436385	0.42300504	0.42188597	0.42101496	0.42038807	0.41999495	0.41971943	0.419508	0.41935796	0.41926947	0.41920722	0.4191351	0.41905087	0.41894338
0.4672993	0.46784437	0.46844947	0.4690797	0.4697351	0.47039142	0.4709863	0.47149274	0.47189584	0.47220665	0.47241998	0.4725566	0.47264707	0.47269917	0.4727103	0.47269714	0.4726916	0.47269586	0.47271335	0.4727404	0.47276703	0.47278455	0.47278625	0.47277504	0.47274667	0.4726922	0.47261518	0.47251844	0.47240362	0.47227916	0.4721653	0.47206524	0.47198492	0.47191527	0.47186148	0.47182503	0.47178861	0.47173935	0.47164336	0.4714622	0.47117746	0.47074896	0.4701652	0.46936062	0.46825603	0.46688965	0.46520954	0.46326482	0.4610064	0.45843482	0.45564413	0.45264664	0.44948363	0.44621328	0.44296908	0.43980223	0.43673193	0.43379828	0.4311264	0.4287415	0.42666647	0.42487428	0.4233981	0.4222283	0.42127687	0.42054826	0.42004418	0.41974646	0.4195439	0.41939127	0.41928598	0.4192308	0.4191996	0.41917124	0.41914263	0.41909775
0.46741065	0.46798882	0.4686218	0.46927452	0.4699469	0.47061533	0.47122025	0.47173664	0.4721506	0.47247246	0.4726982	0.47284934	0.47295618	0.4730265	0.4730576	0.47306398	0.47307524	0.47309303	0.4731206	0.47315478	0.47318587	0.47320628	0.4732104	0.47320068	0.47317356	0.4731232	0.4730532	0.47296557	0.47286135	0.47274706	0.47263974	0.47254056	0.4724528	0.47236645	0.472281	0.47219375	0.4720875	0.47194776	0.47173882	0.47141644	0.47096658	0.47035033	0.4695604	0.4685345	0.46719489	0.46559134	0.46368006	0.4615112	0.45904645	0.45630693	0.4533849	0.45029742	0.44708204	0.44381332	0.44062516	0.4375576	0.43462682	0.43186837	0.42939863	0.42722178	0.42535678	0.4237798	0.42251727	0.4215377	0.42075273	0.4201629	0.41977307	0.41955906	0.4194192	0.41931695	0.419251	0.4192286	0.41923335	0.4192575	0.41929737	0.41933116
